state,county_id,precinct_id,office_id,office_name,district,cand_order,cand_name,suffix,incumbent,party,precincts_reporting,precincts_voting,votes,votes_pct,votes_office
MN,01,,331,Governor & Lt Governor,,101,Steve Patterson and Matt Huff,,,GLC,51,51,89,1.06,8434
MN,01,,331,Governor & Lt Governor,,201,James McCaskel and David Sandbeck,,,LMN,51,51,120,1.42,8434
MN,01,,331,Governor & Lt Governor,,301,Scott Jensen and Matt Birk,,,R,51,51,5110,60.59,8434
MN,01,,331,Governor & Lt Governor,,401,Tim Walz and Peggy Flanagan,,,DFL,51,51,3030,35.93,8434
MN,01,,331,Governor & Lt Governor,,501,Hugh McTavish and Mike Winter,,,IA,51,51,66,0.78,8434
MN,01,,331,Governor & Lt Governor,,701,Gabrielle M. Prosser and Kevin A. Dwire,,,SWP,51,51,19,0.23,8434
MN,01,,331,Governor & Lt Governor,,9901,WRITE-IN,,,WI,51,51,0,0,8434
MN,02,,331,Governor & Lt Governor,,101,Steve Patterson and Matt Huff,,,GLC,128,128,1599,1.02,156305
MN,02,,331,Governor & Lt Governor,,201,James McCaskel and David Sandbeck,,,LMN,128,128,1985,1.27,156305
MN,02,,331,Governor & Lt Governor,,301,Scott Jensen and Matt Birk,,,R,128,128,76586,49,156305
MN,02,,331,Governor & Lt Governor,,401,Tim Walz and Peggy Flanagan,,,DFL,128,128,74509,47.67,156305
MN,02,,331,Governor & Lt Governor,,501,Hugh McTavish and Mike Winter,,,IA,128,128,1188,0.76,156305
MN,02,,331,Governor & Lt Governor,,701,Gabrielle M. Prosser and Kevin A. Dwire,,,SWP,128,128,361,0.23,156305
MN,02,,331,Governor & Lt Governor,,9901,WRITE-IN,,,WI,128,128,77,0.05,156305
MN,03,,331,Governor & Lt Governor,,101,Steve Patterson and Matt Huff,,,GLC,47,47,140,0.95,14740
MN,03,,331,Governor & Lt Governor,,201,James McCaskel and David Sandbeck,,,LMN,47,47,219,1.49,14740
MN,03,,331,Governor & Lt Governor,,301,Scott Jensen and Matt Birk,,,R,47,47,9480,64.31,14740
MN,03,,331,Governor & Lt Governor,,401,Tim Walz and Peggy Flanagan,,,DFL,47,47,4737,32.14,14740
MN,03,,331,Governor & Lt Governor,,501,Hugh McTavish and Mike Winter,,,IA,47,47,140,0.95,14740
MN,03,,331,Governor & Lt Governor,,701,Gabrielle M. Prosser and Kevin A. Dwire,,,SWP,47,47,21,0.14,14740
MN,03,,331,Governor & Lt Governor,,9901,WRITE-IN,,,WI,47,47,3,0.02,14740
MN,04,,331,Governor & Lt Governor,,101,Steve Patterson and Matt Huff,,,GLC,61,61,209,1.16,18085
MN,04,,331,Governor & Lt Governor,,201,James McCaskel and David Sandbeck,,,LMN,61,61,301,1.66,18085
MN,04,,331,Governor & Lt Governor,,301,Scott Jensen and Matt Birk,,,R,61,61,9248,51.14,18085
MN,04,,331,Governor & Lt Governor,,401,Tim Walz and Peggy Flanagan,,,DFL,61,61,8124,44.92,18085
MN,04,,331,Governor & Lt Governor,,501,Hugh McTavish and Mike Winter,,,IA,61,61,138,0.76,18085
MN,04,,331,Governor & Lt Governor,,701,Gabrielle M. Prosser and Kevin A. Dwire,,,SWP,61,61,58,0.32,18085
MN,04,,331,Governor & Lt Governor,,9901,WRITE-IN,,,WI,61,61,7,0.04,18085
MN,05,,331,Governor & Lt Governor,,101,Steve Patterson and Matt Huff,,,GLC,27,27,195,1.19,16388
MN,05,,331,Governor & Lt Governor,,201,James McCaskel and David Sandbeck,,,LMN,27,27,245,1.49,16388
MN,05,,331,Governor & Lt Governor,,301,Scott Jensen and Matt Birk,,,R,27,27,10496,64.05,16388
MN,05,,331,Governor & Lt Governor,,401,Tim Walz and Peggy Flanagan,,,DFL,27,27,5244,32,16388
MN,05,,331,Governor & Lt Governor,,501,Hugh McTavish and Mike Winter,,,IA,27,27,154,0.94,16388
MN,05,,331,Governor & Lt Governor,,701,Gabrielle M. Prosser and Kevin A. Dwire,,,SWP,27,27,48,0.29,16388
MN,05,,331,Governor & Lt Governor,,9901,WRITE-IN,,,WI,27,27,6,0.04,16388
MN,06,,331,Governor & Lt Governor,,101,Steve Patterson and Matt Huff,,,GLC,24,24,23,0.94,2438
MN,06,,331,Governor & Lt Governor,,201,James McCaskel and David Sandbeck,,,LMN,24,24,38,1.56,2438
MN,06,,331,Governor & Lt Governor,,301,Scott Jensen and Matt Birk,,,R,24,24,1492,61.2,2438
MN,06,,331,Governor & Lt Governor,,401,Tim Walz and Peggy Flanagan,,,DFL,24,24,863,35.4,2438
MN,06,,331,Governor & Lt Governor,,501,Hugh McTavish and Mike Winter,,,IA,24,24,17,0.7,2438
MN,06,,331,Governor & Lt Governor,,701,Gabrielle M. Prosser and Kevin A. Dwire,,,SWP,24,24,5,0.21,2438
MN,06,,331,Governor & Lt Governor,,9901,WRITE-IN,,,WI,24,24,0,0,2438
MN,07,,331,Governor & Lt Governor,,101,Steve Patterson and Matt Huff,,,GLC,56,56,225,0.85,26510
MN,07,,331,Governor & Lt Governor,,201,James McCaskel and David Sandbeck,,,LMN,56,56,265,1,26510
MN,07,,331,Governor & Lt Governor,,301,Scott Jensen and Matt Birk,,,R,56,56,11905,44.91,26510
MN,07,,331,Governor & Lt Governor,,401,Tim Walz and Peggy Flanagan,,,DFL,56,56,13783,51.99,26510
MN,07,,331,Governor & Lt Governor,,501,Hugh McTavish and Mike Winter,,,IA,56,56,234,0.88,26510
MN,07,,331,Governor & Lt Governor,,701,Gabrielle M. Prosser and Kevin A. Dwire,,,SWP,56,56,89,0.34,26510
MN,07,,331,Governor & Lt Governor,,9901,WRITE-IN,,,WI,56,56,9,0.03,26510
MN,08,,331,Governor & Lt Governor,,101,Steve Patterson and Matt Huff,,,GLC,33,33,88,0.76,11651
MN,08,,331,Governor & Lt Governor,,201,James McCaskel and David Sandbeck,,,LMN,33,33,99,0.85,11651
MN,08,,331,Governor & Lt Governor,,301,Scott Jensen and Matt Birk,,,R,33,33,7440,63.86,11651
MN,08,,331,Governor & Lt Governor,,401,Tim Walz and Peggy Flanagan,,,DFL,33,33,3916,33.61,11651
MN,08,,331,Governor & Lt Governor,,501,Hugh McTavish and Mike Winter,,,IA,33,33,82,0.7,11651
MN,08,,331,Governor & Lt Governor,,701,Gabrielle M. Prosser and Kevin A. Dwire,,,SWP,33,33,19,0.16,11651
MN,08,,331,Governor & Lt Governor,,9901,WRITE-IN,,,WI,33,33,7,0.06,11651
MN,09,,331,Governor & Lt Governor,,101,Steve Patterson and Matt Huff,,,GLC,39,39,196,1.23,15896
MN,09,,331,Governor & Lt Governor,,201,James McCaskel and David Sandbeck,,,LMN,39,39,289,1.82,15896
MN,09,,331,Governor & Lt Governor,,301,Scott Jensen and Matt Birk,,,R,39,39,7274,45.76,15896
MN,09,,331,Governor & Lt Governor,,401,Tim Walz and Peggy Flanagan,,,DFL,39,39,7913,49.78,15896
MN,09,,331,Governor & Lt Governor,,501,Hugh McTavish and Mike Winter,,,IA,39,39,174,1.09,15896
MN,09,,331,Governor & Lt Governor,,701,Gabrielle M. Prosser and Kevin A. Dwire,,,SWP,39,39,38,0.24,15896
MN,09,,331,Governor & Lt Governor,,9901,WRITE-IN,,,WI,39,39,12,0.08,15896
MN,10,,331,Governor & Lt Governor,,101,Steve Patterson and Matt Huff,,,GLC,38,38,381,0.7,54214
MN,10,,331,Governor & Lt Governor,,201,James McCaskel and David Sandbeck,,,LMN,38,38,391,0.72,54214
MN,10,,331,Governor & Lt Governor,,301,Scott Jensen and Matt Birk,,,R,38,38,28078,51.79,54214
MN,10,,331,Governor & Lt Governor,,401,Tim Walz and Peggy Flanagan,,,DFL,38,38,24888,45.91,54214
MN,10,,331,Governor & Lt Governor,,501,Hugh McTavish and Mike Winter,,,IA,38,38,377,0.7,54214
MN,10,,331,Governor & Lt Governor,,701,Gabrielle M. Prosser and Kevin A. Dwire,,,SWP,38,38,74,0.14,54214
MN,10,,331,Governor & Lt Governor,,9901,WRITE-IN,,,WI,38,38,25,0.05,54214
MN,11,,331,Governor & Lt Governor,,101,Steve Patterson and Matt Huff,,,GLC,71,71,168,1.1,15217
MN,11,,331,Governor & Lt Governor,,201,James McCaskel and David Sandbeck,,,LMN,71,71,220,1.45,15217
MN,11,,331,Governor & Lt Governor,,301,Scott Jensen and Matt Birk,,,R,71,71,9626,63.26,15217
MN,11,,331,Governor & Lt Governor,,401,Tim Walz and Peggy Flanagan,,,DFL,71,71,5071,33.32,15217
MN,11,,331,Governor & Lt Governor,,501,Hugh McTavish and Mike Winter,,,IA,71,71,108,0.71,15217
MN,11,,331,Governor & Lt Governor,,701,Gabrielle M. Prosser and Kevin A. Dwire,,,SWP,71,71,22,0.14,15217
MN,11,,331,Governor & Lt Governor,,9901,WRITE-IN,,,WI,71,71,2,0.01,15217
MN,12,,331,Governor & Lt Governor,,101,Steve Patterson and Matt Huff,,,GLC,25,25,48,0.97,4930
MN,12,,331,Governor & Lt Governor,,201,James McCaskel and David Sandbeck,,,LMN,25,25,40,0.81,4930
MN,12,,331,Governor & Lt Governor,,301,Scott Jensen and Matt Birk,,,R,25,25,3115,63.18,4930
MN,12,,331,Governor & Lt Governor,,401,Tim Walz and Peggy Flanagan,,,DFL,25,25,1676,34,4930
MN,12,,331,Governor & Lt Governor,,501,Hugh McTavish and Mike Winter,,,IA,25,25,42,0.85,4930
MN,12,,331,Governor & Lt Governor,,701,Gabrielle M. Prosser and Kevin A. Dwire,,,SWP,25,25,7,0.14,4930
MN,12,,331,Governor & Lt Governor,,9901,WRITE-IN,,,WI,25,25,2,0.04,4930
MN,13,,331,Governor & Lt Governor,,101,Steve Patterson and Matt Huff,,,GLC,23,23,371,1.43,25924
MN,13,,331,Governor & Lt Governor,,201,James McCaskel and David Sandbeck,,,LMN,23,23,332,1.28,25924
MN,13,,331,Governor & Lt Governor,,301,Scott Jensen and Matt Birk,,,R,23,23,15646,60.35,25924
MN,13,,331,Governor & Lt Governor,,401,Tim Walz and Peggy Flanagan,,,DFL,23,23,9321,35.96,25924
MN,13,,331,Governor & Lt Governor,,501,Hugh McTavish and Mike Winter,,,IA,23,23,202,0.78,25924
MN,13,,331,Governor & Lt Governor,,701,Gabrielle M. Prosser and Kevin A. Dwire,,,SWP,23,23,48,0.19,25924
MN,13,,331,Governor & Lt Governor,,9901,WRITE-IN,,,WI,23,23,4,0.02,25924
MN,14,,331,Governor & Lt Governor,,101,Steve Patterson and Matt Huff,,,GLC,56,56,220,0.99,22241
MN,14,,331,Governor & Lt Governor,,201,James McCaskel and David Sandbeck,,,LMN,56,56,402,1.81,22241
MN,14,,331,Governor & Lt Governor,,301,Scott Jensen and Matt Birk,,,R,56,56,10199,45.86,22241
MN,14,,331,Governor & Lt Governor,,401,Tim Walz and Peggy Flanagan,,,DFL,56,56,11139,50.08,22241
MN,14,,331,Governor & Lt Governor,,501,Hugh McTavish and Mike Winter,,,IA,56,56,185,0.83,22241
MN,14,,331,Governor & Lt Governor,,701,Gabrielle M. Prosser and Kevin A. Dwire,,,SWP,56,56,89,0.4,22241
MN,14,,331,Governor & Lt Governor,,9901,WRITE-IN,,,WI,56,56,7,0.03,22241
MN,15,,331,Governor & Lt Governor,,101,Steve Patterson and Matt Huff,,,GLC,29,29,48,1.35,3568
MN,15,,331,Governor & Lt Governor,,201,James McCaskel and David Sandbeck,,,LMN,29,29,51,1.43,3568
MN,15,,331,Governor & Lt Governor,,301,Scott Jensen and Matt Birk,,,R,29,29,2550,71.47,3568
MN,15,,331,Governor & Lt Governor,,401,Tim Walz and Peggy Flanagan,,,DFL,29,29,879,24.64,3568
MN,15,,331,Governor & Lt Governor,,501,Hugh McTavish and Mike Winter,,,IA,29,29,30,0.84,3568
MN,15,,331,Governor & Lt Governor,,701,Gabrielle M. Prosser and Kevin A. Dwire,,,SWP,29,29,7,0.2,3568
MN,15,,331,Governor & Lt Governor,,9901,WRITE-IN,,,WI,29,29,3,0.08,3568
MN,16,,331,Governor & Lt Governor,,101,Steve Patterson and Matt Huff,,,GLC,14,14,28,0.87,3221
MN,16,,331,Governor & Lt Governor,,201,James McCaskel and David Sandbeck,,,LMN,14,14,27,0.84,3221
MN,16,,331,Governor & Lt Governor,,301,Scott Jensen and Matt Birk,,,R,14,14,958,29.74,3221
MN,16,,331,Governor & Lt Governor,,401,Tim Walz and Peggy Flanagan,,,DFL,14,14,2171,67.4,3221
MN,16,,331,Governor & Lt Governor,,501,Hugh McTavish and Mike Winter,,,IA,14,14,28,0.87,3221
MN,16,,331,Governor & Lt Governor,,701,Gabrielle M. Prosser and Kevin A. Dwire,,,SWP,14,14,7,0.22,3221
MN,16,,331,Governor & Lt Governor,,9901,WRITE-IN,,,WI,14,14,2,0.06,3221
MN,17,,331,Governor & Lt Governor,,101,Steve Patterson and Matt Huff,,,GLC,29,29,47,1.02,4619
MN,17,,331,Governor & Lt Governor,,201,James McCaskel and David Sandbeck,,,LMN,29,29,62,1.34,4619
MN,17,,331,Governor & Lt Governor,,301,Scott Jensen and Matt Birk,,,R,29,29,3087,66.83,4619
MN,17,,331,Governor & Lt Governor,,401,Tim Walz and Peggy Flanagan,,,DFL,29,29,1363,29.51,4619
MN,17,,331,Governor & Lt Governor,,501,Hugh McTavish and Mike Winter,,,IA,29,29,49,1.06,4619
MN,17,,331,Governor & Lt Governor,,701,Gabrielle M. Prosser and Kevin A. Dwire,,,SWP,29,29,11,0.24,4619
MN,17,,331,Governor & Lt Governor,,9901,WRITE-IN,,,WI,29,29,0,0,4619
MN,18,,331,Governor & Lt Governor,,101,Steve Patterson and Matt Huff,,,GLC,62,62,324,0.99,32654
MN,18,,331,Governor & Lt Governor,,201,James McCaskel and David Sandbeck,,,LMN,62,62,459,1.41,32654
MN,18,,331,Governor & Lt Governor,,301,Scott Jensen and Matt Birk,,,R,62,62,20186,61.82,32654
MN,18,,331,Governor & Lt Governor,,401,Tim Walz and Peggy Flanagan,,,DFL,62,62,11388,34.87,32654
MN,18,,331,Governor & Lt Governor,,501,Hugh McTavish and Mike Winter,,,IA,62,62,246,0.75,32654
MN,18,,331,Governor & Lt Governor,,701,Gabrielle M. Prosser and Kevin A. Dwire,,,SWP,62,62,41,0.13,32654
MN,18,,331,Governor & Lt Governor,,9901,WRITE-IN,,,WI,62,62,10,0.03,32654
MN,19,,331,Governor & Lt Governor,,101,Steve Patterson and Matt Huff,,,GLC,142,142,1431,0.71,200617
MN,19,,331,Governor & Lt Governor,,201,James McCaskel and David Sandbeck,,,LMN,142,142,2061,1.03,200617
MN,19,,331,Governor & Lt Governor,,301,Scott Jensen and Matt Birk,,,R,142,142,83222,41.48,200617
MN,19,,331,Governor & Lt Governor,,401,Tim Walz and Peggy Flanagan,,,DFL,142,142,112005,55.83,200617
MN,19,,331,Governor & Lt Governor,,501,Hugh McTavish and Mike Winter,,,IA,142,142,1365,0.68,200617
MN,19,,331,Governor & Lt Governor,,701,Gabrielle M. Prosser and Kevin A. Dwire,,,SWP,142,142,451,0.22,200617
MN,19,,331,Governor & Lt Governor,,9901,WRITE-IN,,,WI,142,142,82,0.04,200617
MN,20,,331,Governor & Lt Governor,,101,Steve Patterson and Matt Huff,,,GLC,22,22,94,1,9356
MN,20,,331,Governor & Lt Governor,,201,James McCaskel and David Sandbeck,,,LMN,22,22,83,0.89,9356
MN,20,,331,Governor & Lt Governor,,301,Scott Jensen and Matt Birk,,,R,22,22,5833,62.35,9356
MN,20,,331,Governor & Lt Governor,,401,Tim Walz and Peggy Flanagan,,,DFL,22,22,3227,34.49,9356
MN,20,,331,Governor & Lt Governor,,501,Hugh McTavish and Mike Winter,,,IA,22,22,88,0.94,9356
MN,20,,331,Governor & Lt Governor,,701,Gabrielle M. Prosser and Kevin A. Dwire,,,SWP,22,22,22,0.24,9356
MN,20,,331,Governor & Lt Governor,,9901,WRITE-IN,,,WI,22,22,9,0.1,9356
MN,21,,331,Governor & Lt Governor,,101,Steve Patterson and Matt Huff,,,GLC,35,35,164,0.83,19710
MN,21,,331,Governor & Lt Governor,,201,James McCaskel and David Sandbeck,,,LMN,35,35,201,1.02,19710
MN,21,,331,Governor & Lt Governor,,301,Scott Jensen and Matt Birk,,,R,35,35,12797,64.93,19710
MN,21,,331,Governor & Lt Governor,,401,Tim Walz and Peggy Flanagan,,,DFL,35,35,6358,32.26,19710
MN,21,,331,Governor & Lt Governor,,501,Hugh McTavish and Mike Winter,,,IA,35,35,161,0.82,19710
MN,21,,331,Governor & Lt Governor,,701,Gabrielle M. Prosser and Kevin A. Dwire,,,SWP,35,35,23,0.12,19710
MN,21,,331,Governor & Lt Governor,,9901,WRITE-IN,,,WI,35,35,6,0.03,19710
MN,22,,331,Governor & Lt Governor,,101,Steve Patterson and Matt Huff,,,GLC,33,33,52,0.86,6028
MN,22,,331,Governor & Lt Governor,,201,James McCaskel and David Sandbeck,,,LMN,33,33,67,1.11,6028
MN,22,,331,Governor & Lt Governor,,301,Scott Jensen and Matt Birk,,,R,33,33,3846,63.8,6028
MN,22,,331,Governor & Lt Governor,,401,Tim Walz and Peggy Flanagan,,,DFL,33,33,2000,33.18,6028
MN,22,,331,Governor & Lt Governor,,501,Hugh McTavish and Mike Winter,,,IA,33,33,53,0.88,6028
MN,22,,331,Governor & Lt Governor,,701,Gabrielle M. Prosser and Kevin A. Dwire,,,SWP,33,33,8,0.13,6028
MN,22,,331,Governor & Lt Governor,,9901,WRITE-IN,,,WI,33,33,2,0.03,6028
MN,23,,331,Governor & Lt Governor,,101,Steve Patterson and Matt Huff,,,GLC,37,37,89,0.94,9501
MN,23,,331,Governor & Lt Governor,,201,James McCaskel and David Sandbeck,,,LMN,37,37,86,0.91,9501
MN,23,,331,Governor & Lt Governor,,301,Scott Jensen and Matt Birk,,,R,37,37,5432,57.17,9501
MN,23,,331,Governor & Lt Governor,,401,Tim Walz and Peggy Flanagan,,,DFL,37,37,3809,40.09,9501
MN,23,,331,Governor & Lt Governor,,501,Hugh McTavish and Mike Winter,,,IA,37,37,68,0.72,9501
MN,23,,331,Governor & Lt Governor,,701,Gabrielle M. Prosser and Kevin A. Dwire,,,SWP,37,37,16,0.17,9501
MN,23,,331,Governor & Lt Governor,,9901,WRITE-IN,,,WI,37,37,1,0.01,9501
MN,24,,331,Governor & Lt Governor,,101,Steve Patterson and Matt Huff,,,GLC,43,43,137,1.05,13034
MN,24,,331,Governor & Lt Governor,,201,James McCaskel and David Sandbeck,,,LMN,43,43,171,1.31,13034
MN,24,,331,Governor & Lt Governor,,301,Scott Jensen and Matt Birk,,,R,43,43,7262,55.72,13034
MN,24,,331,Governor & Lt Governor,,401,Tim Walz and Peggy Flanagan,,,DFL,43,43,5350,41.05,13034
MN,24,,331,Governor & Lt Governor,,501,Hugh McTavish and Mike Winter,,,IA,43,43,98,0.75,13034
MN,24,,331,Governor & Lt Governor,,701,Gabrielle M. Prosser and Kevin A. Dwire,,,SWP,43,43,15,0.12,13034
MN,24,,331,Governor & Lt Governor,,9901,WRITE-IN,,,WI,43,43,1,0.01,13034
MN,25,,331,Governor & Lt Governor,,101,Steve Patterson and Matt Huff,,,GLC,40,40,239,1.03,23103
MN,25,,331,Governor & Lt Governor,,201,James McCaskel and David Sandbeck,,,LMN,40,40,266,1.15,23103
MN,25,,331,Governor & Lt Governor,,301,Scott Jensen and Matt Birk,,,R,40,40,12407,53.7,23103
MN,25,,331,Governor & Lt Governor,,401,Tim Walz and Peggy Flanagan,,,DFL,40,40,9939,43.02,23103
MN,25,,331,Governor & Lt Governor,,501,Hugh McTavish and Mike Winter,,,IA,40,40,205,0.89,23103
MN,25,,331,Governor & Lt Governor,,701,Gabrielle M. Prosser and Kevin A. Dwire,,,SWP,40,40,42,0.18,23103
MN,25,,331,Governor & Lt Governor,,9901,WRITE-IN,,,WI,40,40,5,0.02,23103
MN,26,,331,Governor & Lt Governor,,101,Steve Patterson and Matt Huff,,,GLC,23,23,38,1.29,2953
MN,26,,331,Governor & Lt Governor,,201,James McCaskel and David Sandbeck,,,LMN,23,23,45,1.52,2953
MN,26,,331,Governor & Lt Governor,,301,Scott Jensen and Matt Birk,,,R,23,23,1771,59.97,2953
MN,26,,331,Governor & Lt Governor,,401,Tim Walz and Peggy Flanagan,,,DFL,23,23,1054,35.69,2953
MN,26,,331,Governor & Lt Governor,,501,Hugh McTavish and Mike Winter,,,IA,23,23,37,1.25,2953
MN,26,,331,Governor & Lt Governor,,701,Gabrielle M. Prosser and Kevin A. Dwire,,,SWP,23,23,5,0.17,2953
MN,26,,331,Governor & Lt Governor,,9901,WRITE-IN,,,WI,23,23,3,0.1,2953
MN,27,,331,Governor & Lt Governor,,101,Steve Patterson and Matt Huff,,,GLC,397,397,4149,0.72,575503
MN,27,,331,Governor & Lt Governor,,201,James McCaskel and David Sandbeck,,,LMN,397,397,5939,1.03,575503
MN,27,,331,Governor & Lt Governor,,301,Scott Jensen and Matt Birk,,,R,397,397,154382,26.83,575503
MN,27,,331,Governor & Lt Governor,,401,Tim Walz and Peggy Flanagan,,,DFL,397,397,405002,70.37,575503
MN,27,,331,Governor & Lt Governor,,501,Hugh McTavish and Mike Winter,,,IA,397,397,3326,0.58,575503
MN,27,,331,Governor & Lt Governor,,701,Gabrielle M. Prosser and Kevin A. Dwire,,,SWP,397,397,2411,0.42,575503
MN,27,,331,Governor & Lt Governor,,9901,WRITE-IN,,,WI,397,397,294,0.05,575503
MN,28,,331,Governor & Lt Governor,,101,Steve Patterson and Matt Huff,,,GLC,27,27,69,0.79,8746
MN,28,,331,Governor & Lt Governor,,201,James McCaskel and David Sandbeck,,,LMN,27,27,128,1.46,8746
MN,28,,331,Governor & Lt Governor,,301,Scott Jensen and Matt Birk,,,R,27,27,4874,55.73,8746
MN,28,,331,Governor & Lt Governor,,401,Tim Walz and Peggy Flanagan,,,DFL,27,27,3605,41.22,8746
MN,28,,331,Governor & Lt Governor,,501,Hugh McTavish and Mike Winter,,,IA,27,27,61,0.7,8746
MN,28,,331,Governor & Lt Governor,,701,Gabrielle M. Prosser and Kevin A. Dwire,,,SWP,27,27,9,0.1,8746
MN,28,,331,Governor & Lt Governor,,9901,WRITE-IN,,,WI,27,27,0,0,8746
MN,29,,331,Governor & Lt Governor,,101,Steve Patterson and Matt Huff,,,GLC,37,37,112,1.05,10649
MN,29,,331,Governor & Lt Governor,,201,James McCaskel and David Sandbeck,,,LMN,37,37,155,1.46,10649
MN,29,,331,Governor & Lt Governor,,301,Scott Jensen and Matt Birk,,,R,37,37,6590,61.88,10649
MN,29,,331,Governor & Lt Governor,,401,Tim Walz and Peggy Flanagan,,,DFL,37,37,3672,34.48,10649
MN,29,,331,Governor & Lt Governor,,501,Hugh McTavish and Mike Winter,,,IA,37,37,105,0.99,10649
MN,29,,331,Governor & Lt Governor,,701,Gabrielle M. Prosser and Kevin A. Dwire,,,SWP,37,37,12,0.11,10649
MN,29,,331,Governor & Lt Governor,,9901,WRITE-IN,,,WI,37,37,3,0.03,10649
MN,30,,331,Governor & Lt Governor,,101,Steve Patterson and Matt Huff,,,GLC,19,19,277,1.47,18862
MN,30,,331,Governor & Lt Governor,,201,James McCaskel and David Sandbeck,,,LMN,19,19,320,1.7,18862
MN,30,,331,Governor & Lt Governor,,301,Scott Jensen and Matt Birk,,,R,19,19,12271,65.06,18862
MN,30,,331,Governor & Lt Governor,,401,Tim Walz and Peggy Flanagan,,,DFL,19,19,5778,30.63,18862
MN,30,,331,Governor & Lt Governor,,501,Hugh McTavish and Mike Winter,,,IA,19,19,175,0.93,18862
MN,30,,331,Governor & Lt Governor,,701,Gabrielle M. Prosser and Kevin A. Dwire,,,SWP,19,19,37,0.2,18862
MN,30,,331,Governor & Lt Governor,,9901,WRITE-IN,,,WI,19,19,4,0.02,18862
MN,31,,331,Governor & Lt Governor,,101,Steve Patterson and Matt Huff,,,GLC,76,76,265,1.24,21373
MN,31,,331,Governor & Lt Governor,,201,James McCaskel and David Sandbeck,,,LMN,76,76,352,1.65,21373
MN,31,,331,Governor & Lt Governor,,301,Scott Jensen and Matt Birk,,,R,76,76,11488,53.75,21373
MN,31,,331,Governor & Lt Governor,,401,Tim Walz and Peggy Flanagan,,,DFL,76,76,9017,42.19,21373
MN,31,,331,Governor & Lt Governor,,501,Hugh McTavish and Mike Winter,,,IA,76,76,200,0.94,21373
MN,31,,331,Governor & Lt Governor,,701,Gabrielle M. Prosser and Kevin A. Dwire,,,SWP,76,76,43,0.2,21373
MN,31,,331,Governor & Lt Governor,,9901,WRITE-IN,,,WI,76,76,8,0.04,21373
MN,32,,331,Governor & Lt Governor,,101,Steve Patterson and Matt Huff,,,GLC,28,28,48,1.05,4560
MN,32,,331,Governor & Lt Governor,,201,James McCaskel and David Sandbeck,,,LMN,28,28,51,1.12,4560
MN,32,,331,Governor & Lt Governor,,301,Scott Jensen and Matt Birk,,,R,28,28,3055,67,4560
MN,32,,331,Governor & Lt Governor,,401,Tim Walz and Peggy Flanagan,,,DFL,28,28,1350,29.61,4560
MN,32,,331,Governor & Lt Governor,,501,Hugh McTavish and Mike Winter,,,IA,28,28,45,0.99,4560
MN,32,,331,Governor & Lt Governor,,701,Gabrielle M. Prosser and Kevin A. Dwire,,,SWP,28,28,9,0.2,4560
MN,32,,331,Governor & Lt Governor,,9901,WRITE-IN,,,WI,28,28,2,0.04,4560
MN,33,,331,Governor & Lt Governor,,101,Steve Patterson and Matt Huff,,,GLC,20,20,113,1.58,7159
MN,33,,331,Governor & Lt Governor,,201,James McCaskel and David Sandbeck,,,LMN,20,20,120,1.68,7159
MN,33,,331,Governor & Lt Governor,,301,Scott Jensen and Matt Birk,,,R,20,20,4581,63.99,7159
MN,33,,331,Governor & Lt Governor,,401,Tim Walz and Peggy Flanagan,,,DFL,20,20,2277,31.81,7159
MN,33,,331,Governor & Lt Governor,,501,Hugh McTavish and Mike Winter,,,IA,20,20,58,0.81,7159
MN,33,,331,Governor & Lt Governor,,701,Gabrielle M. Prosser and Kevin A. Dwire,,,SWP,20,20,9,0.13,7159
MN,33,,331,Governor & Lt Governor,,9901,WRITE-IN,,,WI,20,20,1,0.01,7159
MN,34,,331,Governor & Lt Governor,,101,Steve Patterson and Matt Huff,,,GLC,48,48,148,0.81,18245
MN,34,,331,Governor & Lt Governor,,201,James McCaskel and David Sandbeck,,,LMN,48,48,204,1.12,18245
MN,34,,331,Governor & Lt Governor,,301,Scott Jensen and Matt Birk,,,R,48,48,11288,61.87,18245
MN,34,,331,Governor & Lt Governor,,401,Tim Walz and Peggy Flanagan,,,DFL,48,48,6424,35.21,18245
MN,34,,331,Governor & Lt Governor,,501,Hugh McTavish and Mike Winter,,,IA,48,48,143,0.78,18245
MN,34,,331,Governor & Lt Governor,,701,Gabrielle M. Prosser and Kevin A. Dwire,,,SWP,48,48,31,0.17,18245
MN,34,,331,Governor & Lt Governor,,9901,WRITE-IN,,,WI,48,48,7,0.04,18245
MN,35,,331,Governor & Lt Governor,,101,Steve Patterson and Matt Huff,,,GLC,39,39,25,1.3,1926
MN,35,,331,Governor & Lt Governor,,201,James McCaskel and David Sandbeck,,,LMN,39,39,37,1.92,1926
MN,35,,331,Governor & Lt Governor,,301,Scott Jensen and Matt Birk,,,R,39,39,1160,60.23,1926
MN,35,,331,Governor & Lt Governor,,401,Tim Walz and Peggy Flanagan,,,DFL,39,39,689,35.77,1926
MN,35,,331,Governor & Lt Governor,,501,Hugh McTavish and Mike Winter,,,IA,39,39,13,0.67,1926
MN,35,,331,Governor & Lt Governor,,701,Gabrielle M. Prosser and Kevin A. Dwire,,,SWP,39,39,2,0.1,1926
MN,35,,331,Governor & Lt Governor,,9901,WRITE-IN,,,WI,39,39,0,0,1926
MN,36,,331,Governor & Lt Governor,,101,Steve Patterson and Matt Huff,,,GLC,22,22,56,1.07,5227
MN,36,,331,Governor & Lt Governor,,201,James McCaskel and David Sandbeck,,,LMN,22,22,100,1.91,5227
MN,36,,331,Governor & Lt Governor,,301,Scott Jensen and Matt Birk,,,R,22,22,2953,56.5,5227
MN,36,,331,Governor & Lt Governor,,401,Tim Walz and Peggy Flanagan,,,DFL,22,22,2058,39.37,5227
MN,36,,331,Governor & Lt Governor,,501,Hugh McTavish and Mike Winter,,,IA,22,22,52,0.99,5227
MN,36,,331,Governor & Lt Governor,,701,Gabrielle M. Prosser and Kevin A. Dwire,,,SWP,22,22,6,0.11,5227
MN,36,,331,Governor & Lt Governor,,9901,WRITE-IN,,,WI,22,22,2,0.04,5227
MN,37,,331,Governor & Lt Governor,,101,Steve Patterson and Matt Huff,,,GLC,29,29,43,1.37,3149
MN,37,,331,Governor & Lt Governor,,201,James McCaskel and David Sandbeck,,,LMN,29,29,26,0.83,3149
MN,37,,331,Governor & Lt Governor,,301,Scott Jensen and Matt Birk,,,R,29,29,1935,61.45,3149
MN,37,,331,Governor & Lt Governor,,401,Tim Walz and Peggy Flanagan,,,DFL,29,29,1101,34.96,3149
MN,37,,331,Governor & Lt Governor,,501,Hugh McTavish and Mike Winter,,,IA,29,29,38,1.21,3149
MN,37,,331,Governor & Lt Governor,,701,Gabrielle M. Prosser and Kevin A. Dwire,,,SWP,29,29,6,0.19,3149
MN,37,,331,Governor & Lt Governor,,9901,WRITE-IN,,,WI,29,29,0,0,3149
MN,38,,331,Governor & Lt Governor,,101,Steve Patterson and Matt Huff,,,GLC,19,19,68,1.2,5661
MN,38,,331,Governor & Lt Governor,,201,James McCaskel and David Sandbeck,,,LMN,19,19,72,1.27,5661
MN,38,,331,Governor & Lt Governor,,301,Scott Jensen and Matt Birk,,,R,19,19,2517,44.46,5661
MN,38,,331,Governor & Lt Governor,,401,Tim Walz and Peggy Flanagan,,,DFL,19,19,2954,52.18,5661
MN,38,,331,Governor & Lt Governor,,501,Hugh McTavish and Mike Winter,,,IA,19,19,35,0.62,5661
MN,38,,331,Governor & Lt Governor,,701,Gabrielle M. Prosser and Kevin A. Dwire,,,SWP,19,19,15,0.26,5661
MN,38,,331,Governor & Lt Governor,,9901,WRITE-IN,,,WI,19,19,0,0,5661
MN,39,,331,Governor & Lt Governor,,101,Steve Patterson and Matt Huff,,,GLC,17,17,14,0.77,1828
MN,39,,331,Governor & Lt Governor,,201,James McCaskel and David Sandbeck,,,LMN,17,17,24,1.31,1828
MN,39,,331,Governor & Lt Governor,,301,Scott Jensen and Matt Birk,,,R,17,17,1297,70.95,1828
MN,39,,331,Governor & Lt Governor,,401,Tim Walz and Peggy Flanagan,,,DFL,17,17,473,25.88,1828
MN,39,,331,Governor & Lt Governor,,501,Hugh McTavish and Mike Winter,,,IA,17,17,19,1.04,1828
MN,39,,331,Governor & Lt Governor,,701,Gabrielle M. Prosser and Kevin A. Dwire,,,SWP,17,17,1,0.05,1828
MN,39,,331,Governor & Lt Governor,,9901,WRITE-IN,,,WI,17,17,0,0,1828
MN,40,,331,Governor & Lt Governor,,101,Steve Patterson and Matt Huff,,,GLC,26,26,140,1.06,13217
MN,40,,331,Governor & Lt Governor,,201,James McCaskel and David Sandbeck,,,LMN,26,26,169,1.28,13217
MN,40,,331,Governor & Lt Governor,,301,Scott Jensen and Matt Birk,,,R,26,26,8184,61.92,13217
MN,40,,331,Governor & Lt Governor,,401,Tim Walz and Peggy Flanagan,,,DFL,26,26,4591,34.74,13217
MN,40,,331,Governor & Lt Governor,,501,Hugh McTavish and Mike Winter,,,IA,26,26,107,0.81,13217
MN,40,,331,Governor & Lt Governor,,701,Gabrielle M. Prosser and Kevin A. Dwire,,,SWP,26,26,19,0.14,13217
MN,40,,331,Governor & Lt Governor,,9901,WRITE-IN,,,WI,26,26,7,0.05,13217
MN,41,,331,Governor & Lt Governor,,101,Steve Patterson and Matt Huff,,,GLC,20,20,29,1.19,2440
MN,41,,331,Governor & Lt Governor,,201,James McCaskel and David Sandbeck,,,LMN,20,20,32,1.31,2440
MN,41,,331,Governor & Lt Governor,,301,Scott Jensen and Matt Birk,,,R,20,20,1653,67.75,2440
MN,41,,331,Governor & Lt Governor,,401,Tim Walz and Peggy Flanagan,,,DFL,20,20,710,29.1,2440
MN,41,,331,Governor & Lt Governor,,501,Hugh McTavish and Mike Winter,,,IA,20,20,12,0.49,2440
MN,41,,331,Governor & Lt Governor,,701,Gabrielle M. Prosser and Kevin A. Dwire,,,SWP,20,20,3,0.12,2440
MN,41,,331,Governor & Lt Governor,,9901,WRITE-IN,,,WI,20,20,1,0.04,2440
MN,42,,331,Governor & Lt Governor,,101,Steve Patterson and Matt Huff,,,GLC,33,33,66,0.67,9799
MN,42,,331,Governor & Lt Governor,,201,James McCaskel and David Sandbeck,,,LMN,33,33,96,0.98,9799
MN,42,,331,Governor & Lt Governor,,301,Scott Jensen and Matt Birk,,,R,33,33,6266,63.95,9799
MN,42,,331,Governor & Lt Governor,,401,Tim Walz and Peggy Flanagan,,,DFL,33,33,3264,33.31,9799
MN,42,,331,Governor & Lt Governor,,501,Hugh McTavish and Mike Winter,,,IA,33,33,86,0.88,9799
MN,42,,331,Governor & Lt Governor,,701,Gabrielle M. Prosser and Kevin A. Dwire,,,SWP,33,33,15,0.15,9799
MN,42,,331,Governor & Lt Governor,,9901,WRITE-IN,,,WI,33,33,6,0.06,9799
MN,43,,331,Governor & Lt Governor,,101,Steve Patterson and Matt Huff,,,GLC,28,28,145,0.88,16459
MN,43,,331,Governor & Lt Governor,,201,James McCaskel and David Sandbeck,,,LMN,28,28,190,1.15,16459
MN,43,,331,Governor & Lt Governor,,301,Scott Jensen and Matt Birk,,,R,28,28,10770,65.44,16459
MN,43,,331,Governor & Lt Governor,,401,Tim Walz and Peggy Flanagan,,,DFL,28,28,5171,31.42,16459
MN,43,,331,Governor & Lt Governor,,501,Hugh McTavish and Mike Winter,,,IA,28,28,143,0.87,16459
MN,43,,331,Governor & Lt Governor,,701,Gabrielle M. Prosser and Kevin A. Dwire,,,SWP,28,28,37,0.22,16459
MN,43,,331,Governor & Lt Governor,,9901,WRITE-IN,,,WI,28,28,3,0.02,16459
MN,44,,331,Governor & Lt Governor,,101,Steve Patterson and Matt Huff,,,GLC,19,19,21,1.27,1648
MN,44,,331,Governor & Lt Governor,,201,James McCaskel and David Sandbeck,,,LMN,19,19,36,2.18,1648
MN,44,,331,Governor & Lt Governor,,301,Scott Jensen and Matt Birk,,,R,19,19,898,54.49,1648
MN,44,,331,Governor & Lt Governor,,401,Tim Walz and Peggy Flanagan,,,DFL,19,19,651,39.5,1648
MN,44,,331,Governor & Lt Governor,,501,Hugh McTavish and Mike Winter,,,IA,19,19,34,2.06,1648
MN,44,,331,Governor & Lt Governor,,701,Gabrielle M. Prosser and Kevin A. Dwire,,,SWP,19,19,7,0.42,1648
MN,44,,331,Governor & Lt Governor,,9901,WRITE-IN,,,WI,19,19,1,0.06,1648
MN,45,,331,Governor & Lt Governor,,101,Steve Patterson and Matt Huff,,,GLC,60,60,41,1.01,4067
MN,45,,331,Governor & Lt Governor,,201,James McCaskel and David Sandbeck,,,LMN,60,60,50,1.23,4067
MN,45,,331,Governor & Lt Governor,,301,Scott Jensen and Matt Birk,,,R,60,60,2970,73.03,4067
MN,45,,331,Governor & Lt Governor,,401,Tim Walz and Peggy Flanagan,,,DFL,60,60,954,23.46,4067
MN,45,,331,Governor & Lt Governor,,501,Hugh McTavish and Mike Winter,,,IA,60,60,43,1.06,4067
MN,45,,331,Governor & Lt Governor,,701,Gabrielle M. Prosser and Kevin A. Dwire,,,SWP,60,60,8,0.2,4067
MN,45,,331,Governor & Lt Governor,,9901,WRITE-IN,,,WI,60,60,1,0.02,4067
MN,46,,331,Governor & Lt Governor,,101,Steve Patterson and Matt Huff,,,GLC,37,37,81,0.97,8351
MN,46,,331,Governor & Lt Governor,,201,James McCaskel and David Sandbeck,,,LMN,37,37,101,1.21,8351
MN,46,,331,Governor & Lt Governor,,301,Scott Jensen and Matt Birk,,,R,37,37,5625,67.36,8351
MN,46,,331,Governor & Lt Governor,,401,Tim Walz and Peggy Flanagan,,,DFL,37,37,2467,29.54,8351
MN,46,,331,Governor & Lt Governor,,501,Hugh McTavish and Mike Winter,,,IA,37,37,63,0.75,8351
MN,46,,331,Governor & Lt Governor,,701,Gabrielle M. Prosser and Kevin A. Dwire,,,SWP,37,37,10,0.12,8351
MN,46,,331,Governor & Lt Governor,,9901,WRITE-IN,,,WI,37,37,4,0.05,8351
MN,47,,331,Governor & Lt Governor,,101,Steve Patterson and Matt Huff,,,GLC,30,30,108,1,10815
MN,47,,331,Governor & Lt Governor,,201,James McCaskel and David Sandbeck,,,LMN,30,30,125,1.16,10815
MN,47,,331,Governor & Lt Governor,,301,Scott Jensen and Matt Birk,,,R,30,30,7250,67.04,10815
MN,47,,331,Governor & Lt Governor,,401,Tim Walz and Peggy Flanagan,,,DFL,30,30,3214,29.72,10815
MN,47,,331,Governor & Lt Governor,,501,Hugh McTavish and Mike Winter,,,IA,30,30,95,0.88,10815
MN,47,,331,Governor & Lt Governor,,701,Gabrielle M. Prosser and Kevin A. Dwire,,,SWP,30,30,20,0.18,10815
MN,47,,331,Governor & Lt Governor,,9901,WRITE-IN,,,WI,30,30,3,0.03,10815
MN,48,,331,Governor & Lt Governor,,101,Steve Patterson and Matt Huff,,,GLC,25,25,161,1.45,11078
MN,48,,331,Governor & Lt Governor,,201,James McCaskel and David Sandbeck,,,LMN,25,25,176,1.59,11078
MN,48,,331,Governor & Lt Governor,,301,Scott Jensen and Matt Birk,,,R,25,25,7209,65.07,11078
MN,48,,331,Governor & Lt Governor,,401,Tim Walz and Peggy Flanagan,,,DFL,25,25,3390,30.6,11078
MN,48,,331,Governor & Lt Governor,,501,Hugh McTavish and Mike Winter,,,IA,25,25,113,1.02,11078
MN,48,,331,Governor & Lt Governor,,701,Gabrielle M. Prosser and Kevin A. Dwire,,,SWP,25,25,25,0.23,11078
MN,48,,331,Governor & Lt Governor,,9901,WRITE-IN,,,WI,25,25,4,0.04,11078
MN,49,,331,Governor & Lt Governor,,101,Steve Patterson and Matt Huff,,,GLC,48,48,133,0.86,15458
MN,49,,331,Governor & Lt Governor,,201,James McCaskel and David Sandbeck,,,LMN,48,48,183,1.18,15458
MN,49,,331,Governor & Lt Governor,,301,Scott Jensen and Matt Birk,,,R,48,48,11529,74.58,15458
MN,49,,331,Governor & Lt Governor,,401,Tim Walz and Peggy Flanagan,,,DFL,48,48,3451,22.33,15458
MN,49,,331,Governor & Lt Governor,,501,Hugh McTavish and Mike Winter,,,IA,48,48,132,0.85,15458
MN,49,,331,Governor & Lt Governor,,701,Gabrielle M. Prosser and Kevin A. Dwire,,,SWP,48,48,29,0.19,15458
MN,49,,331,Governor & Lt Governor,,9901,WRITE-IN,,,WI,48,48,1,0.01,15458
MN,50,,331,Governor & Lt Governor,,101,Steve Patterson and Matt Huff,,,GLC,39,39,170,1.2,14112
MN,50,,331,Governor & Lt Governor,,201,James McCaskel and David Sandbeck,,,LMN,39,39,192,1.36,14112
MN,50,,331,Governor & Lt Governor,,301,Scott Jensen and Matt Birk,,,R,39,39,7043,49.91,14112
MN,50,,331,Governor & Lt Governor,,401,Tim Walz and Peggy Flanagan,,,DFL,39,39,6573,46.58,14112
MN,50,,331,Governor & Lt Governor,,501,Hugh McTavish and Mike Winter,,,IA,39,39,94,0.67,14112
MN,50,,331,Governor & Lt Governor,,701,Gabrielle M. Prosser and Kevin A. Dwire,,,SWP,39,39,40,0.28,14112
MN,50,,331,Governor & Lt Governor,,9901,WRITE-IN,,,WI,39,39,0,0,14112
MN,51,,331,Governor & Lt Governor,,101,Steve Patterson and Matt Huff,,,GLC,29,29,25,0.64,3915
MN,51,,331,Governor & Lt Governor,,201,James McCaskel and David Sandbeck,,,LMN,29,29,48,1.23,3915
MN,51,,331,Governor & Lt Governor,,301,Scott Jensen and Matt Birk,,,R,29,29,2729,69.71,3915
MN,51,,331,Governor & Lt Governor,,401,Tim Walz and Peggy Flanagan,,,DFL,29,29,1051,26.85,3915
MN,51,,331,Governor & Lt Governor,,501,Hugh McTavish and Mike Winter,,,IA,29,29,49,1.25,3915
MN,51,,331,Governor & Lt Governor,,701,Gabrielle M. Prosser and Kevin A. Dwire,,,SWP,29,29,11,0.28,3915
MN,51,,331,Governor & Lt Governor,,9901,WRITE-IN,,,WI,29,29,2,0.05,3915
MN,52,,331,Governor & Lt Governor,,101,Steve Patterson and Matt Huff,,,GLC,26,26,99,0.65,15311
MN,52,,331,Governor & Lt Governor,,201,James McCaskel and David Sandbeck,,,LMN,26,26,154,1.01,15311
MN,52,,331,Governor & Lt Governor,,301,Scott Jensen and Matt Birk,,,R,26,26,6964,45.48,15311
MN,52,,331,Governor & Lt Governor,,401,Tim Walz and Peggy Flanagan,,,DFL,26,26,7929,51.79,15311
MN,52,,331,Governor & Lt Governor,,501,Hugh McTavish and Mike Winter,,,IA,26,26,122,0.8,15311
MN,52,,331,Governor & Lt Governor,,701,Gabrielle M. Prosser and Kevin A. Dwire,,,SWP,26,26,38,0.25,15311
MN,52,,331,Governor & Lt Governor,,9901,WRITE-IN,,,WI,26,26,5,0.03,15311
MN,53,,331,Governor & Lt Governor,,101,Steve Patterson and Matt Huff,,,GLC,40,40,44,0.72,6082
MN,53,,331,Governor & Lt Governor,,201,James McCaskel and David Sandbeck,,,LMN,40,40,87,1.43,6082
MN,53,,331,Governor & Lt Governor,,301,Scott Jensen and Matt Birk,,,R,40,40,4013,65.98,6082
MN,53,,331,Governor & Lt Governor,,401,Tim Walz and Peggy Flanagan,,,DFL,40,40,1854,30.48,6082
MN,53,,331,Governor & Lt Governor,,501,Hugh McTavish and Mike Winter,,,IA,40,40,68,1.12,6082
MN,53,,331,Governor & Lt Governor,,701,Gabrielle M. Prosser and Kevin A. Dwire,,,SWP,40,40,15,0.25,6082
MN,53,,331,Governor & Lt Governor,,9901,WRITE-IN,,,WI,40,40,1,0.02,6082
MN,54,,331,Governor & Lt Governor,,101,Steve Patterson and Matt Huff,,,GLC,33,33,33,1.32,2504
MN,54,,331,Governor & Lt Governor,,201,James McCaskel and David Sandbeck,,,LMN,33,33,52,2.08,2504
MN,54,,331,Governor & Lt Governor,,301,Scott Jensen and Matt Birk,,,R,33,33,1448,57.83,2504
MN,54,,331,Governor & Lt Governor,,401,Tim Walz and Peggy Flanagan,,,DFL,33,33,929,37.1,2504
MN,54,,331,Governor & Lt Governor,,501,Hugh McTavish and Mike Winter,,,IA,33,33,31,1.24,2504
MN,54,,331,Governor & Lt Governor,,701,Gabrielle M. Prosser and Kevin A. Dwire,,,SWP,33,33,5,0.2,2504
MN,54,,331,Governor & Lt Governor,,9901,WRITE-IN,,,WI,33,33,6,0.24,2504
MN,55,,331,Governor & Lt Governor,,101,Steve Patterson and Matt Huff,,,GLC,110,110,445,0.65,68120
MN,55,,331,Governor & Lt Governor,,201,James McCaskel and David Sandbeck,,,LMN,110,110,576,0.85,68120
MN,55,,331,Governor & Lt Governor,,301,Scott Jensen and Matt Birk,,,R,110,110,29067,42.67,68120
MN,55,,331,Governor & Lt Governor,,401,Tim Walz and Peggy Flanagan,,,DFL,110,110,37471,55.01,68120
MN,55,,331,Governor & Lt Governor,,501,Hugh McTavish and Mike Winter,,,IA,110,110,412,0.6,68120
MN,55,,331,Governor & Lt Governor,,701,Gabrielle M. Prosser and Kevin A. Dwire,,,SWP,110,110,136,0.2,68120
MN,55,,331,Governor & Lt Governor,,9901,WRITE-IN,,,WI,110,110,13,0.02,68120
MN,56,,331,Governor & Lt Governor,,101,Steve Patterson and Matt Huff,,,GLC,91,91,278,0.97,28518
MN,56,,331,Governor & Lt Governor,,201,James McCaskel and David Sandbeck,,,LMN,91,91,358,1.26,28518
MN,56,,331,Governor & Lt Governor,,301,Scott Jensen and Matt Birk,,,R,91,91,18618,65.29,28518
MN,56,,331,Governor & Lt Governor,,401,Tim Walz and Peggy Flanagan,,,DFL,91,91,8950,31.38,28518
MN,56,,331,Governor & Lt Governor,,501,Hugh McTavish and Mike Winter,,,IA,91,91,254,0.89,28518
MN,56,,331,Governor & Lt Governor,,701,Gabrielle M. Prosser and Kevin A. Dwire,,,SWP,91,91,47,0.16,28518
MN,56,,331,Governor & Lt Governor,,9901,WRITE-IN,,,WI,91,91,13,0.05,28518
MN,57,,331,Governor & Lt Governor,,101,Steve Patterson and Matt Huff,,,GLC,31,31,59,1.08,5461
MN,57,,331,Governor & Lt Governor,,201,James McCaskel and David Sandbeck,,,LMN,31,31,106,1.94,5461
MN,57,,331,Governor & Lt Governor,,301,Scott Jensen and Matt Birk,,,R,31,31,3464,63.43,5461
MN,57,,331,Governor & Lt Governor,,401,Tim Walz and Peggy Flanagan,,,DFL,31,31,1734,31.75,5461
MN,57,,331,Governor & Lt Governor,,501,Hugh McTavish and Mike Winter,,,IA,31,31,82,1.5,5461
MN,57,,331,Governor & Lt Governor,,701,Gabrielle M. Prosser and Kevin A. Dwire,,,SWP,31,31,15,0.27,5461
MN,57,,331,Governor & Lt Governor,,9901,WRITE-IN,,,WI,31,31,1,0.02,5461
MN,58,,331,Governor & Lt Governor,,101,Steve Patterson and Matt Huff,,,GLC,47,47,178,1.44,12393
MN,58,,331,Governor & Lt Governor,,201,James McCaskel and David Sandbeck,,,LMN,47,47,211,1.7,12393
MN,58,,331,Governor & Lt Governor,,301,Scott Jensen and Matt Birk,,,R,47,47,7601,61.33,12393
MN,58,,331,Governor & Lt Governor,,401,Tim Walz and Peggy Flanagan,,,DFL,47,47,4290,34.62,12393
MN,58,,331,Governor & Lt Governor,,501,Hugh McTavish and Mike Winter,,,IA,47,47,90,0.73,12393
MN,58,,331,Governor & Lt Governor,,701,Gabrielle M. Prosser and Kevin A. Dwire,,,SWP,47,47,20,0.16,12393
MN,58,,331,Governor & Lt Governor,,9901,WRITE-IN,,,WI,47,47,3,0.02,12393
MN,59,,331,Governor & Lt Governor,,101,Steve Patterson and Matt Huff,,,GLC,22,22,37,0.97,3809
MN,59,,331,Governor & Lt Governor,,201,James McCaskel and David Sandbeck,,,LMN,22,22,38,1,3809
MN,59,,331,Governor & Lt Governor,,301,Scott Jensen and Matt Birk,,,R,22,22,2819,74.01,3809
MN,59,,331,Governor & Lt Governor,,401,Tim Walz and Peggy Flanagan,,,DFL,22,22,872,22.89,3809
MN,59,,331,Governor & Lt Governor,,501,Hugh McTavish and Mike Winter,,,IA,22,22,36,0.95,3809
MN,59,,331,Governor & Lt Governor,,701,Gabrielle M. Prosser and Kevin A. Dwire,,,SWP,22,22,7,0.18,3809
MN,59,,331,Governor & Lt Governor,,9901,WRITE-IN,,,WI,22,22,0,0,3809
MN,60,,331,Governor & Lt Governor,,101,Steve Patterson and Matt Huff,,,GLC,82,82,98,0.9,10932
MN,60,,331,Governor & Lt Governor,,201,James McCaskel and David Sandbeck,,,LMN,82,82,148,1.35,10932
MN,60,,331,Governor & Lt Governor,,301,Scott Jensen and Matt Birk,,,R,82,82,7180,65.68,10932
MN,60,,331,Governor & Lt Governor,,401,Tim Walz and Peggy Flanagan,,,DFL,82,82,3398,31.08,10932
MN,60,,331,Governor & Lt Governor,,501,Hugh McTavish and Mike Winter,,,IA,82,82,80,0.73,10932
MN,60,,331,Governor & Lt Governor,,701,Gabrielle M. Prosser and Kevin A. Dwire,,,SWP,82,82,23,0.21,10932
MN,60,,331,Governor & Lt Governor,,9901,WRITE-IN,,,WI,82,82,5,0.05,10932
MN,61,,331,Governor & Lt Governor,,101,Steve Patterson and Matt Huff,,,GLC,31,31,43,0.76,5673
MN,61,,331,Governor & Lt Governor,,201,James McCaskel and David Sandbeck,,,LMN,31,31,50,0.88,5673
MN,61,,331,Governor & Lt Governor,,301,Scott Jensen and Matt Birk,,,R,31,31,3549,62.56,5673
MN,61,,331,Governor & Lt Governor,,401,Tim Walz and Peggy Flanagan,,,DFL,31,31,1970,34.73,5673
MN,61,,331,Governor & Lt Governor,,501,Hugh McTavish and Mike Winter,,,IA,31,31,47,0.83,5673
MN,61,,331,Governor & Lt Governor,,701,Gabrielle M. Prosser and Kevin A. Dwire,,,SWP,31,31,9,0.16,5673
MN,61,,331,Governor & Lt Governor,,9901,WRITE-IN,,,WI,31,31,5,0.09,5673
MN,62,,331,Governor & Lt Governor,,101,Steve Patterson and Matt Huff,,,GLC,162,162,2247,1.03,218074
MN,62,,331,Governor & Lt Governor,,201,James McCaskel and David Sandbeck,,,LMN,162,162,2626,1.2,218074
MN,62,,331,Governor & Lt Governor,,301,Scott Jensen and Matt Birk,,,R,162,162,54770,25.12,218074
MN,62,,331,Governor & Lt Governor,,401,Tim Walz and Peggy Flanagan,,,DFL,162,162,155849,71.47,218074
MN,62,,331,Governor & Lt Governor,,501,Hugh McTavish and Mike Winter,,,IA,162,162,1338,0.61,218074
MN,62,,331,Governor & Lt Governor,,701,Gabrielle M. Prosser and Kevin A. Dwire,,,SWP,162,162,1118,0.51,218074
MN,62,,331,Governor & Lt Governor,,9901,WRITE-IN,,,WI,162,162,126,0.06,218074
MN,63,,331,Governor & Lt Governor,,101,Steve Patterson and Matt Huff,,,GLC,21,21,14,0.87,1606
MN,63,,331,Governor & Lt Governor,,201,James McCaskel and David Sandbeck,,,LMN,21,21,30,1.87,1606
MN,63,,331,Governor & Lt Governor,,301,Scott Jensen and Matt Birk,,,R,21,21,1049,65.32,1606
MN,63,,331,Governor & Lt Governor,,401,Tim Walz and Peggy Flanagan,,,DFL,21,21,485,30.2,1606
MN,63,,331,Governor & Lt Governor,,501,Hugh McTavish and Mike Winter,,,IA,21,21,24,1.49,1606
MN,63,,331,Governor & Lt Governor,,701,Gabrielle M. Prosser and Kevin A. Dwire,,,SWP,21,21,3,0.19,1606
MN,63,,331,Governor & Lt Governor,,9901,WRITE-IN,,,WI,21,21,1,0.06,1606
MN,64,,331,Governor & Lt Governor,,101,Steve Patterson and Matt Huff,,,GLC,43,43,43,0.67,6440
MN,64,,331,Governor & Lt Governor,,201,James McCaskel and David Sandbeck,,,LMN,43,43,71,1.1,6440
MN,64,,331,Governor & Lt Governor,,301,Scott Jensen and Matt Birk,,,R,43,43,4582,71.15,6440
MN,64,,331,Governor & Lt Governor,,401,Tim Walz and Peggy Flanagan,,,DFL,43,43,1698,26.37,6440
MN,64,,331,Governor & Lt Governor,,501,Hugh McTavish and Mike Winter,,,IA,43,43,35,0.54,6440
MN,64,,331,Governor & Lt Governor,,701,Gabrielle M. Prosser and Kevin A. Dwire,,,SWP,43,43,10,0.16,6440
MN,64,,331,Governor & Lt Governor,,9901,WRITE-IN,,,WI,43,43,1,0.02,6440
MN,65,,331,Governor & Lt Governor,,101,Steve Patterson and Matt Huff,,,GLC,37,37,70,1.11,6297
MN,65,,331,Governor & Lt Governor,,201,James McCaskel and David Sandbeck,,,LMN,37,37,90,1.43,6297
MN,65,,331,Governor & Lt Governor,,301,Scott Jensen and Matt Birk,,,R,37,37,4192,66.57,6297
MN,65,,331,Governor & Lt Governor,,401,Tim Walz and Peggy Flanagan,,,DFL,37,37,1883,29.9,6297
MN,65,,331,Governor & Lt Governor,,501,Hugh McTavish and Mike Winter,,,IA,37,37,51,0.81,6297
MN,65,,331,Governor & Lt Governor,,701,Gabrielle M. Prosser and Kevin A. Dwire,,,SWP,37,37,9,0.14,6297
MN,65,,331,Governor & Lt Governor,,9901,WRITE-IN,,,WI,37,37,2,0.03,6297
MN,66,,331,Governor & Lt Governor,,101,Steve Patterson and Matt Huff,,,GLC,32,32,267,0.94,28379
MN,66,,331,Governor & Lt Governor,,201,James McCaskel and David Sandbeck,,,LMN,32,32,353,1.24,28379
MN,66,,331,Governor & Lt Governor,,301,Scott Jensen and Matt Birk,,,R,32,32,13182,46.45,28379
MN,66,,331,Governor & Lt Governor,,401,Tim Walz and Peggy Flanagan,,,DFL,32,32,14252,50.22,28379
MN,66,,331,Governor & Lt Governor,,501,Hugh McTavish and Mike Winter,,,IA,32,32,195,0.69,28379
MN,66,,331,Governor & Lt Governor,,701,Gabrielle M. Prosser and Kevin A. Dwire,,,SWP,32,32,127,0.45,28379
MN,66,,331,Governor & Lt Governor,,9901,WRITE-IN,,,WI,32,32,3,0.01,28379
MN,67,,331,Governor & Lt Governor,,101,Steve Patterson and Matt Huff,,,GLC,24,24,40,0.97,4139
MN,67,,331,Governor & Lt Governor,,201,James McCaskel and David Sandbeck,,,LMN,24,24,41,0.99,4139
MN,67,,331,Governor & Lt Governor,,301,Scott Jensen and Matt Birk,,,R,24,24,2877,69.51,4139
MN,67,,331,Governor & Lt Governor,,401,Tim Walz and Peggy Flanagan,,,DFL,24,24,1139,27.52,4139
MN,67,,331,Governor & Lt Governor,,501,Hugh McTavish and Mike Winter,,,IA,24,24,34,0.82,4139
MN,67,,331,Governor & Lt Governor,,701,Gabrielle M. Prosser and Kevin A. Dwire,,,SWP,24,24,7,0.17,4139
MN,67,,331,Governor & Lt Governor,,9901,WRITE-IN,,,WI,24,24,1,0.02,4139
MN,68,,331,Governor & Lt Governor,,101,Steve Patterson and Matt Huff,,,GLC,44,44,51,0.78,6503
MN,68,,331,Governor & Lt Governor,,201,James McCaskel and David Sandbeck,,,LMN,44,44,70,1.08,6503
MN,68,,331,Governor & Lt Governor,,301,Scott Jensen and Matt Birk,,,R,44,44,4785,73.58,6503
MN,68,,331,Governor & Lt Governor,,401,Tim Walz and Peggy Flanagan,,,DFL,44,44,1535,23.6,6503
MN,68,,331,Governor & Lt Governor,,501,Hugh McTavish and Mike Winter,,,IA,44,44,53,0.82,6503
MN,68,,331,Governor & Lt Governor,,701,Gabrielle M. Prosser and Kevin A. Dwire,,,SWP,44,44,9,0.14,6503
MN,68,,331,Governor & Lt Governor,,9901,WRITE-IN,,,WI,44,44,0,0,6503
MN,69,,331,Governor & Lt Governor,,101,Steve Patterson and Matt Huff,,,GLC,170,170,1165,1.25,92937
MN,69,,331,Governor & Lt Governor,,201,James McCaskel and David Sandbeck,,,LMN,170,170,1705,1.83,92937
MN,69,,331,Governor & Lt Governor,,301,Scott Jensen and Matt Birk,,,R,170,170,35375,38.06,92937
MN,69,,331,Governor & Lt Governor,,401,Tim Walz and Peggy Flanagan,,,DFL,170,170,53550,57.62,92937
MN,69,,331,Governor & Lt Governor,,501,Hugh McTavish and Mike Winter,,,IA,170,170,769,0.83,92937
MN,69,,331,Governor & Lt Governor,,701,Gabrielle M. Prosser and Kevin A. Dwire,,,SWP,170,170,334,0.36,92937
MN,69,,331,Governor & Lt Governor,,9901,WRITE-IN,,,WI,170,170,39,0.04,92937
MN,70,,331,Governor & Lt Governor,,101,Steve Patterson and Matt Huff,,,GLC,53,53,485,0.71,67935
MN,70,,331,Governor & Lt Governor,,201,James McCaskel and David Sandbeck,,,LMN,53,53,716,1.05,67935
MN,70,,331,Governor & Lt Governor,,301,Scott Jensen and Matt Birk,,,R,53,53,35278,51.93,67935
MN,70,,331,Governor & Lt Governor,,401,Tim Walz and Peggy Flanagan,,,DFL,53,53,30856,45.42,67935
MN,70,,331,Governor & Lt Governor,,501,Hugh McTavish and Mike Winter,,,IA,53,53,446,0.66,67935
MN,70,,331,Governor & Lt Governor,,701,Gabrielle M. Prosser and Kevin A. Dwire,,,SWP,53,53,124,0.18,67935
MN,70,,331,Governor & Lt Governor,,9901,WRITE-IN,,,WI,53,53,30,0.04,67935
MN,71,,331,Governor & Lt Governor,,101,Steve Patterson and Matt Huff,,,GLC,35,35,443,1.06,41621
MN,71,,331,Governor & Lt Governor,,201,James McCaskel and David Sandbeck,,,LMN,35,35,537,1.29,41621
MN,71,,331,Governor & Lt Governor,,301,Scott Jensen and Matt Birk,,,R,35,35,26517,63.71,41621
MN,71,,331,Governor & Lt Governor,,401,Tim Walz and Peggy Flanagan,,,DFL,35,35,13697,32.91,41621
MN,71,,331,Governor & Lt Governor,,501,Hugh McTavish and Mike Winter,,,IA,35,35,345,0.83,41621
MN,71,,331,Governor & Lt Governor,,701,Gabrielle M. Prosser and Kevin A. Dwire,,,SWP,35,35,74,0.18,41621
MN,71,,331,Governor & Lt Governor,,9901,WRITE-IN,,,WI,35,35,8,0.02,41621
MN,72,,331,Governor & Lt Governor,,101,Steve Patterson and Matt Huff,,,GLC,25,25,54,0.82,6617
MN,72,,331,Governor & Lt Governor,,201,James McCaskel and David Sandbeck,,,LMN,25,25,73,1.1,6617
MN,72,,331,Governor & Lt Governor,,301,Scott Jensen and Matt Birk,,,R,25,25,4518,68.28,6617
MN,72,,331,Governor & Lt Governor,,401,Tim Walz and Peggy Flanagan,,,DFL,25,25,1905,28.79,6617
MN,72,,331,Governor & Lt Governor,,501,Hugh McTavish and Mike Winter,,,IA,25,25,51,0.77,6617
MN,72,,331,Governor & Lt Governor,,701,Gabrielle M. Prosser and Kevin A. Dwire,,,SWP,25,25,14,0.21,6617
MN,72,,331,Governor & Lt Governor,,9901,WRITE-IN,,,WI,25,25,2,0.03,6617
MN,73,,331,Governor & Lt Governor,,101,Steve Patterson and Matt Huff,,,GLC,99,99,665,1.02,65485
MN,73,,331,Governor & Lt Governor,,201,James McCaskel and David Sandbeck,,,LMN,99,99,767,1.17,65485
MN,73,,331,Governor & Lt Governor,,301,Scott Jensen and Matt Birk,,,R,99,99,39170,59.82,65485
MN,73,,331,Governor & Lt Governor,,401,Tim Walz and Peggy Flanagan,,,DFL,99,99,24163,36.9,65485
MN,73,,331,Governor & Lt Governor,,501,Hugh McTavish and Mike Winter,,,IA,99,99,542,0.83,65485
MN,73,,331,Governor & Lt Governor,,701,Gabrielle M. Prosser and Kevin A. Dwire,,,SWP,99,99,151,0.23,65485
MN,73,,331,Governor & Lt Governor,,9901,WRITE-IN,,,WI,99,99,27,0.04,65485
MN,74,,331,Governor & Lt Governor,,101,Steve Patterson and Matt Huff,,,GLC,26,26,176,1.06,16540
MN,74,,331,Governor & Lt Governor,,201,James McCaskel and David Sandbeck,,,LMN,26,26,208,1.26,16540
MN,74,,331,Governor & Lt Governor,,301,Scott Jensen and Matt Birk,,,R,26,26,9485,57.35,16540
MN,74,,331,Governor & Lt Governor,,401,Tim Walz and Peggy Flanagan,,,DFL,26,26,6499,39.29,16540
MN,74,,331,Governor & Lt Governor,,501,Hugh McTavish and Mike Winter,,,IA,26,26,133,0.8,16540
MN,74,,331,Governor & Lt Governor,,701,Gabrielle M. Prosser and Kevin A. Dwire,,,SWP,26,26,34,0.21,16540
MN,74,,331,Governor & Lt Governor,,9901,WRITE-IN,,,WI,26,26,5,0.03,16540
MN,75,,331,Governor & Lt Governor,,101,Steve Patterson and Matt Huff,,,GLC,24,24,28,0.69,4033
MN,75,,331,Governor & Lt Governor,,201,James McCaskel and David Sandbeck,,,LMN,24,24,36,0.89,4033
MN,75,,331,Governor & Lt Governor,,301,Scott Jensen and Matt Birk,,,R,24,24,2437,60.43,4033
MN,75,,331,Governor & Lt Governor,,401,Tim Walz and Peggy Flanagan,,,DFL,24,24,1490,36.95,4033
MN,75,,331,Governor & Lt Governor,,501,Hugh McTavish and Mike Winter,,,IA,24,24,28,0.69,4033
MN,75,,331,Governor & Lt Governor,,701,Gabrielle M. Prosser and Kevin A. Dwire,,,SWP,24,24,12,0.3,4033
MN,75,,331,Governor & Lt Governor,,9901,WRITE-IN,,,WI,24,24,2,0.05,4033
MN,76,,331,Governor & Lt Governor,,101,Steve Patterson and Matt Huff,,,GLC,30,30,33,0.84,3917
MN,76,,331,Governor & Lt Governor,,201,James McCaskel and David Sandbeck,,,LMN,30,30,45,1.15,3917
MN,76,,331,Governor & Lt Governor,,301,Scott Jensen and Matt Birk,,,R,30,30,2409,61.5,3917
MN,76,,331,Governor & Lt Governor,,401,Tim Walz and Peggy Flanagan,,,DFL,30,30,1389,35.46,3917
MN,76,,331,Governor & Lt Governor,,501,Hugh McTavish and Mike Winter,,,IA,30,30,28,0.71,3917
MN,76,,331,Governor & Lt Governor,,701,Gabrielle M. Prosser and Kevin A. Dwire,,,SWP,30,30,8,0.2,3917
MN,76,,331,Governor & Lt Governor,,9901,WRITE-IN,,,WI,30,30,5,0.13,3917
MN,77,,331,Governor & Lt Governor,,101,Steve Patterson and Matt Huff,,,GLC,40,40,120,1.11,10859
MN,77,,331,Governor & Lt Governor,,201,James McCaskel and David Sandbeck,,,LMN,40,40,161,1.48,10859
MN,77,,331,Governor & Lt Governor,,301,Scott Jensen and Matt Birk,,,R,40,40,7780,71.65,10859
MN,77,,331,Governor & Lt Governor,,401,Tim Walz and Peggy Flanagan,,,DFL,40,40,2649,24.39,10859
MN,77,,331,Governor & Lt Governor,,501,Hugh McTavish and Mike Winter,,,IA,40,40,117,1.08,10859
MN,77,,331,Governor & Lt Governor,,701,Gabrielle M. Prosser and Kevin A. Dwire,,,SWP,40,40,30,0.28,10859
MN,77,,331,Governor & Lt Governor,,9901,WRITE-IN,,,WI,40,40,2,0.02,10859
MN,78,,331,Governor & Lt Governor,,101,Steve Patterson and Matt Huff,,,GLC,20,20,17,1.1,1548
MN,78,,331,Governor & Lt Governor,,201,James McCaskel and David Sandbeck,,,LMN,20,20,24,1.55,1548
MN,78,,331,Governor & Lt Governor,,301,Scott Jensen and Matt Birk,,,R,20,20,968,62.53,1548
MN,78,,331,Governor & Lt Governor,,401,Tim Walz and Peggy Flanagan,,,DFL,20,20,519,33.53,1548
MN,78,,331,Governor & Lt Governor,,501,Hugh McTavish and Mike Winter,,,IA,20,20,17,1.1,1548
MN,78,,331,Governor & Lt Governor,,701,Gabrielle M. Prosser and Kevin A. Dwire,,,SWP,20,20,2,0.13,1548
MN,78,,331,Governor & Lt Governor,,9901,WRITE-IN,,,WI,20,20,1,0.06,1548
MN,79,,331,Governor & Lt Governor,,101,Steve Patterson and Matt Huff,,,GLC,33,33,96,0.89,10731
MN,79,,331,Governor & Lt Governor,,201,James McCaskel and David Sandbeck,,,LMN,33,33,119,1.11,10731
MN,79,,331,Governor & Lt Governor,,301,Scott Jensen and Matt Birk,,,R,33,33,6366,59.32,10731
MN,79,,331,Governor & Lt Governor,,401,Tim Walz and Peggy Flanagan,,,DFL,33,33,4020,37.46,10731
MN,79,,331,Governor & Lt Governor,,501,Hugh McTavish and Mike Winter,,,IA,33,33,103,0.96,10731
MN,79,,331,Governor & Lt Governor,,701,Gabrielle M. Prosser and Kevin A. Dwire,,,SWP,33,33,26,0.24,10731
MN,79,,331,Governor & Lt Governor,,9901,WRITE-IN,,,WI,33,33,1,0.01,10731
MN,80,,331,Governor & Lt Governor,,101,Steve Patterson and Matt Huff,,,GLC,25,25,67,1.12,5983
MN,80,,331,Governor & Lt Governor,,201,James McCaskel and David Sandbeck,,,LMN,25,25,83,1.39,5983
MN,80,,331,Governor & Lt Governor,,301,Scott Jensen and Matt Birk,,,R,25,25,4260,71.2,5983
MN,80,,331,Governor & Lt Governor,,401,Tim Walz and Peggy Flanagan,,,DFL,25,25,1511,25.25,5983
MN,80,,331,Governor & Lt Governor,,501,Hugh McTavish and Mike Winter,,,IA,25,25,52,0.87,5983
MN,80,,331,Governor & Lt Governor,,701,Gabrielle M. Prosser and Kevin A. Dwire,,,SWP,25,25,10,0.17,5983
MN,80,,331,Governor & Lt Governor,,9901,WRITE-IN,,,WI,25,25,0,0,5983
MN,81,,331,Governor & Lt Governor,,101,Steve Patterson and Matt Huff,,,GLC,23,23,94,1.12,8390
MN,81,,331,Governor & Lt Governor,,201,James McCaskel and David Sandbeck,,,LMN,23,23,118,1.41,8390
MN,81,,331,Governor & Lt Governor,,301,Scott Jensen and Matt Birk,,,R,23,23,5216,62.17,8390
MN,81,,331,Governor & Lt Governor,,401,Tim Walz and Peggy Flanagan,,,DFL,23,23,2845,33.91,8390
MN,81,,331,Governor & Lt Governor,,501,Hugh McTavish and Mike Winter,,,IA,23,23,94,1.12,8390
MN,81,,331,Governor & Lt Governor,,701,Gabrielle M. Prosser and Kevin A. Dwire,,,SWP,23,23,21,0.25,8390
MN,81,,331,Governor & Lt Governor,,9901,WRITE-IN,,,WI,23,23,2,0.02,8390
MN,82,,331,Governor & Lt Governor,,101,Steve Patterson and Matt Huff,,,GLC,83,83,1019,0.78,130715
MN,82,,331,Governor & Lt Governor,,201,James McCaskel and David Sandbeck,,,LMN,83,83,1212,0.93,130715
MN,82,,331,Governor & Lt Governor,,301,Scott Jensen and Matt Birk,,,R,83,83,56472,43.2,130715
MN,82,,331,Governor & Lt Governor,,401,Tim Walz and Peggy Flanagan,,,DFL,83,83,70814,54.17,130715
MN,82,,331,Governor & Lt Governor,,501,Hugh McTavish and Mike Winter,,,IA,83,83,890,0.68,130715
MN,82,,331,Governor & Lt Governor,,701,Gabrielle M. Prosser and Kevin A. Dwire,,,SWP,83,83,254,0.19,130715
MN,82,,331,Governor & Lt Governor,,9901,WRITE-IN,,,WI,83,83,54,0.04,130715
MN,83,,331,Governor & Lt Governor,,101,Steve Patterson and Matt Huff,,,GLC,21,21,35,0.9,3868
MN,83,,331,Governor & Lt Governor,,201,James McCaskel and David Sandbeck,,,LMN,21,21,41,1.06,3868
MN,83,,331,Governor & Lt Governor,,301,Scott Jensen and Matt Birk,,,R,21,21,2325,60.11,3868
MN,83,,331,Governor & Lt Governor,,401,Tim Walz and Peggy Flanagan,,,DFL,21,21,1445,37.36,3868
MN,83,,331,Governor & Lt Governor,,501,Hugh McTavish and Mike Winter,,,IA,21,21,17,0.44,3868
MN,83,,331,Governor & Lt Governor,,701,Gabrielle M. Prosser and Kevin A. Dwire,,,SWP,21,21,4,0.1,3868
MN,83,,331,Governor & Lt Governor,,9901,WRITE-IN,,,WI,21,21,1,0.03,3868
MN,84,,331,Governor & Lt Governor,,101,Steve Patterson and Matt Huff,,,GLC,32,32,23,0.89,2592
MN,84,,331,Governor & Lt Governor,,201,James McCaskel and David Sandbeck,,,LMN,32,32,41,1.58,2592
MN,84,,331,Governor & Lt Governor,,301,Scott Jensen and Matt Birk,,,R,32,32,1783,68.79,2592
MN,84,,331,Governor & Lt Governor,,401,Tim Walz and Peggy Flanagan,,,DFL,32,32,704,27.16,2592
MN,84,,331,Governor & Lt Governor,,501,Hugh McTavish and Mike Winter,,,IA,32,32,28,1.08,2592
MN,84,,331,Governor & Lt Governor,,701,Gabrielle M. Prosser and Kevin A. Dwire,,,SWP,32,32,10,0.39,2592
MN,84,,331,Governor & Lt Governor,,9901,WRITE-IN,,,WI,32,32,3,0.12,2592
MN,85,,331,Governor & Lt Governor,,101,Steve Patterson and Matt Huff,,,GLC,49,49,176,0.86,20450
MN,85,,331,Governor & Lt Governor,,201,James McCaskel and David Sandbeck,,,LMN,49,49,250,1.22,20450
MN,85,,331,Governor & Lt Governor,,301,Scott Jensen and Matt Birk,,,R,49,49,9913,48.47,20450
MN,85,,331,Governor & Lt Governor,,401,Tim Walz and Peggy Flanagan,,,DFL,49,49,9889,48.36,20450
MN,85,,331,Governor & Lt Governor,,501,Hugh McTavish and Mike Winter,,,IA,49,49,159,0.78,20450
MN,85,,331,Governor & Lt Governor,,701,Gabrielle M. Prosser and Kevin A. Dwire,,,SWP,49,49,62,0.3,20450
MN,85,,331,Governor & Lt Governor,,9901,WRITE-IN,,,WI,49,49,1,0,20450
MN,86,,331,Governor & Lt Governor,,101,Steve Patterson and Matt Huff,,,GLC,49,49,671,1.01,66224
MN,86,,331,Governor & Lt Governor,,201,James McCaskel and David Sandbeck,,,LMN,49,49,729,1.1,66224
MN,86,,331,Governor & Lt Governor,,301,Scott Jensen and Matt Birk,,,R,49,49,40994,61.9,66224
MN,86,,331,Governor & Lt Governor,,401,Tim Walz and Peggy Flanagan,,,DFL,49,49,23116,34.91,66224
MN,86,,331,Governor & Lt Governor,,501,Hugh McTavish and Mike Winter,,,IA,49,49,579,0.87,66224
MN,86,,331,Governor & Lt Governor,,701,Gabrielle M. Prosser and Kevin A. Dwire,,,SWP,49,49,114,0.17,66224
MN,86,,331,Governor & Lt Governor,,9901,WRITE-IN,,,WI,49,49,21,0.03,66224
MN,87,,331,Governor & Lt Governor,,101,Steve Patterson and Matt Huff,,,GLC,30,30,43,0.99,4361
MN,87,,331,Governor & Lt Governor,,201,James McCaskel and David Sandbeck,,,LMN,30,30,58,1.33,4361
MN,87,,331,Governor & Lt Governor,,301,Scott Jensen and Matt Birk,,,R,30,30,2919,66.93,4361
MN,87,,331,Governor & Lt Governor,,401,Tim Walz and Peggy Flanagan,,,DFL,30,30,1299,29.79,4361
MN,87,,331,Governor & Lt Governor,,501,Hugh McTavish and Mike Winter,,,IA,30,30,38,0.87,4361
MN,87,,331,Governor & Lt Governor,,701,Gabrielle M. Prosser and Kevin A. Dwire,,,SWP,30,30,2,0.05,4361
MN,87,,331,Governor & Lt Governor,,9901,WRITE-IN,,,WI,30,30,2,0.05,4361